h,kind,type,rank,wf_step,w_에너지배율,w_RS,w_주가위치,w_talent,weights,meanIC,IC_IR,n_obs,note
1,short1,best,1,0,0.0,1.0,0.0,0.0,에너지배율=0.0 / RS=1.0 / 주가위치=0.0 / talent=0.0,0.0058745426477754496,0.038131486376782396,175,"전구간 meanIC 최대 추천; WF test meanIC=-0.0005±0.0324; 선정 가중 안정성 에너지배율=0.00±0.00, RS=1.00±0.00, 주가위치=0.00±0.00, talent=0.00±0.00; WEIGHT_SETS 미변경"
1,short1,baseline,0,0,0.2,0.2,0.4,0.2,에너지배율=0.2 / RS=0.2 / 주가위치=0.4 / talent=0.2,-0.018680900465222097,-0.129653701468958,175,현재 WEIGHT_SETS['short']
1,short1,single_factor,1,0,1.0,0.0,0.0,0.0,에너지배율=1.0 / RS=0.0 / 주가위치=0.0 / talent=0.0,-0.04177539410874443,-0.30904558550856265,175,h=1 단일가중 점검: 에너지배율=1.0
1,short1,single_factor,2,0,0.0,1.0,0.0,0.0,에너지배율=0.0 / RS=1.0 / 주가위치=0.0 / talent=0.0,0.0058745426477754496,0.038131486376782396,175,h=1 단일가중 점검: RS=1.0
1,short1,single_factor,3,0,0.0,0.0,1.0,0.0,에너지배율=0.0 / RS=0.0 / 주가위치=1.0 / talent=0.0,-0.00155595343013168,-0.011314451284619222,175,h=1 단일가중 점검: 주가위치=1.0
1,short1,single_factor,4,0,0.0,0.0,0.0,1.0,에너지배율=0.0 / RS=0.0 / 주가위치=0.0 / talent=1.0,-0.033418743607109544,-0.23305292552985513,175,h=1 단일가중 점검: talent=1.0
1,short1,is_top5,1,0,0.0,1.0,0.0,0.0,에너지배율=0.0 / RS=1.0 / 주가위치=0.0 / talent=0.0,0.0058745426477754496,0.038131486376782396,175,전구간 meanIC 상위5(과최적 판단용)
1,short1,is_top5,2,0,0.0,0.9,0.1,0.0,에너지배율=0.0 / RS=0.9 / 주가위치=0.1 / talent=0.0,0.005258882207879118,0.034138293850123964,175,전구간 meanIC 상위5(과최적 판단용)
1,short1,is_top5,3,0,0.0,0.8,0.2,0.0,에너지배율=0.0 / RS=0.8 / 주가위치=0.2 / talent=0.0,0.004582961368776448,0.029826716751783118,175,전구간 meanIC 상위5(과최적 판단용)
1,short1,is_top5,4,0,0.0,0.7,0.3,0.0,에너지배율=0.0 / RS=0.7 / 주가위치=0.3 / talent=0.0,0.0038446993862339715,0.025165691298578305,175,전구간 meanIC 상위5(과최적 판단용)
1,short1,is_top5,5,0,0.0,0.6,0.4,0.0,에너지배율=0.0 / RS=0.6 / 주가위치=0.4 / talent=0.0,0.0030214315177677343,0.019936839538817468,175,전구간 meanIC 상위5(과최적 판단용)
1,short1,wf_step,1,1,0.0,1.0,0.0,0.0,에너지배율=0.0 / RS=1.0 / 주가위치=0.0 / talent=0.0,-0.02608559944129298,-0.19574156314254126,35,train=2023-01-17~2023-09-22; test=2023-10-05~2024-06-17; train meanIC 최대
1,short1,wf_step,2,2,0.0,1.0,0.0,0.0,에너지배율=0.0 / RS=1.0 / 주가위치=0.0 / talent=0.0,0.01752179111948772,0.09393165763394293,35,train=2023-01-17~2024-06-17; test=2024-06-24~2025-03-10; train meanIC 최대
1,short1,wf_step,3,3,0.0,1.0,0.0,0.0,에너지배율=0.0 / RS=1.0 / 주가위치=0.0 / talent=0.0,0.036100112100563776,0.20945945840647368,35,train=2023-01-17~2025-03-10; test=2025-03-17~2025-11-25; train meanIC 최대
1,short1,wf_step,4,4,0.0,1.0,0.0,0.0,에너지배율=0.0 / RS=1.0 / 주가위치=0.0 / talent=0.0,-0.02938891850785373,-0.1827609898237825,35,train=2023-01-17~2025-11-25; test=2025-12-02~2026-08-13; train meanIC 최대
5,short,best,1,0,0.0,0.0,1.0,0.0,에너지배율=0.0 / RS=0.0 / 주가위치=1.0 / talent=0.0,-0.011843213812800303,-0.08721285978807733,174,"전구간 meanIC 최대 추천; WF test meanIC=-0.0163±0.0185; 선정 가중 안정성 에너지배율=0.00±0.00, RS=0.00±0.00, 주가위치=1.00±0.00, talent=0.00±0.00; WEIGHT_SETS 미변경"
5,short,baseline,0,0,0.2,0.2,0.4,0.2,에너지배율=0.2 / RS=0.2 / 주가위치=0.4 / talent=0.2,-0.03732700852762846,-0.26001416069077127,174,현재 WEIGHT_SETS['short']
5,short,is_top5,1,0,0.0,0.0,1.0,0.0,에너지배율=0.0 / RS=0.0 / 주가위치=1.0 / talent=0.0,-0.011843213812800303,-0.08721285978807733,174,전구간 meanIC 상위5(과최적 판단용)
5,short,is_top5,2,0,0.0,0.1,0.9,0.0,에너지배율=0.0 / RS=0.1 / 주가위치=0.9 / talent=0.0,-0.012331767670160934,-0.08932978370601921,174,전구간 meanIC 상위5(과최적 판단용)
5,short,is_top5,3,0,0.0,0.2,0.8,0.0,에너지배율=0.0 / RS=0.2 / 주가위치=0.8 / talent=0.0,-0.012770463269022514,-0.09119841021958383,174,전구간 meanIC 상위5(과최적 판단용)
5,short,is_top5,4,0,0.0,0.3,0.7,0.0,에너지배율=0.0 / RS=0.3 / 주가위치=0.7 / talent=0.0,-0.013260955566328857,-0.09345736496274044,174,전구간 meanIC 상위5(과최적 판단용)
5,short,is_top5,5,0,0.0,0.4,0.6,0.0,에너지배율=0.0 / RS=0.4 / 주가위치=0.6 / talent=0.0,-0.013768433688773557,-0.09603716527807696,174,전구간 meanIC 상위5(과최적 판단용)
5,short,wf_step,1,1,0.0,0.0,1.0,0.0,에너지배율=0.0 / RS=0.0 / 주가위치=1.0 / talent=0.0,-0.019319289449288516,-0.15968772395852765,35,train=2023-01-17~2023-09-22; test=2023-10-05~2024-06-17; train meanIC 최대
5,short,wf_step,2,2,0.0,0.0,1.0,0.0,에너지배율=0.0 / RS=0.0 / 주가위치=1.0 / talent=0.0,-0.011966115906746727,-0.07411375728326126,35,train=2023-01-17~2024-06-17; test=2024-06-24~2025-03-10; train meanIC 최대
5,short,wf_step,3,3,0.0,0.0,1.0,0.0,에너지배율=0.0 / RS=0.0 / 주가위치=1.0 / talent=0.0,0.005306040688475669,0.036213037361979374,35,train=2023-01-17~2025-03-10; test=2025-03-17~2025-11-25; train meanIC 최대
5,short,wf_step,4,4,0.0,0.0,1.0,0.0,에너지배율=0.0 / RS=0.0 / 주가위치=1.0 / talent=0.0,-0.039316769915656954,-0.2879004255947479,34,train=2023-01-17~2025-11-25; test=2025-12-02~2026-08-06; train meanIC 최대
20,reference,best,1,0,0.0,0.0,1.0,0.0,에너지배율=0.0 / RS=0.0 / 주가위치=1.0 / talent=0.0,-0.0033917508469368165,-0.026280572595850336,171,"전구간 meanIC 최대 추천; WF test meanIC=-0.0098±0.0294; 선정 가중 안정성 에너지배율=0.00±0.00, RS=0.00±0.00, 주가위치=1.00±0.00, talent=0.00±0.00; WEIGHT_SETS 미변경"
20,reference,is_top5,1,0,0.0,0.0,1.0,0.0,에너지배율=0.0 / RS=0.0 / 주가위치=1.0 / talent=0.0,-0.0033917508469368165,-0.026280572595850336,171,전구간 meanIC 상위5(과최적 판단용)
20,reference,is_top5,2,0,0.0,0.1,0.9,0.0,에너지배율=0.0 / RS=0.1 / 주가위치=0.9 / talent=0.0,-0.0037702901610371406,-0.028724931914054796,171,전구간 meanIC 상위5(과최적 판단용)
20,reference,is_top5,3,0,0.0,0.2,0.8,0.0,에너지배율=0.0 / RS=0.2 / 주가위치=0.8 / talent=0.0,-0.004232455477707263,-0.03179628350303033,171,전구간 meanIC 상위5(과최적 판단용)
20,reference,is_top5,4,0,0.0,0.3,0.7,0.0,에너지배율=0.0 / RS=0.3 / 주가위치=0.7 / talent=0.0,-0.0046301536147382374,-0.0343337277788893,171,전구간 meanIC 상위5(과최적 판단용)
20,reference,is_top5,5,0,0.0,0.4,0.6,0.0,에너지배율=0.0 / RS=0.4 / 주가위치=0.6 / talent=0.0,-0.005135941592683808,-0.037697647118618054,171,전구간 meanIC 상위5(과최적 판단용)
20,reference,wf_step,1,1,0.0,0.0,1.0,0.0,에너지배율=0.0 / RS=0.0 / 주가위치=1.0 / talent=0.0,-0.02972746624377033,-0.2540946783897951,34,train=2023-01-17~2023-09-22; test=2023-10-05~2024-06-10; train meanIC 최대
20,reference,wf_step,2,2,0.0,0.0,1.0,0.0,에너지배율=0.0 / RS=0.0 / 주가위치=1.0 / talent=0.0,-0.028491036465258836,-0.27250488649169924,34,train=2023-01-17~2024-06-10; test=2024-06-17~2025-02-21; train meanIC 최대
20,reference,wf_step,3,3,0.0,0.0,1.0,0.0,에너지배율=0.0 / RS=0.0 / 주가위치=1.0 / talent=0.0,0.03303004824005152,0.2354821844893197,34,train=2023-01-17~2025-02-21; test=2025-02-28~2025-11-04; train meanIC 최대
20,reference,wf_step,4,4,0.0,0.0,1.0,0.0,에너지배율=0.0 / RS=0.0 / 주가위치=1.0 / talent=0.0,-0.014159525387575877,-0.09988303546320224,34,train=2023-01-17~2025-11-04; test=2025-11-11~2026-07-15; train meanIC 최대
60,long,best,1,0,0.0,0.5,0.5,0.0,에너지배율=0.0 / RS=0.5 / 주가위치=0.5 / talent=0.0,0.026891067213889553,0.23190073987554505,163,"전구간 meanIC 최대 추천; WF test meanIC=0.0291±0.0318; 선정 가중 안정성 에너지배율=0.00±0.00, RS=0.50±0.58, 주가위치=0.50±0.58, talent=0.00±0.00; WEIGHT_SETS 미변경"
60,long,baseline,0,0,0.1,0.5,0.3,0.1,에너지배율=0.1 / RS=0.5 / 주가위치=0.3 / talent=0.1,0.007558170444709934,0.06212777263261953,163,현재 WEIGHT_SETS['long']
60,long,is_top5,1,0,0.0,0.5,0.5,0.0,에너지배율=0.0 / RS=0.5 / 주가위치=0.5 / talent=0.0,0.026891067213889553,0.23190073987554505,163,전구간 meanIC 상위5(과최적 판단용)
60,long,is_top5,2,0,0.0,0.6,0.4,0.0,에너지배율=0.0 / RS=0.6 / 주가위치=0.4 / talent=0.0,0.026842065612723547,0.22790585954816653,163,전구간 meanIC 상위5(과최적 판단용)
60,long,is_top5,3,0,0.0,0.7,0.3,0.0,에너지배율=0.0 / RS=0.7 / 주가위치=0.3 / talent=0.0,0.026750117616733318,0.22397755855357873,163,전구간 meanIC 상위5(과최적 판단용)
60,long,is_top5,4,0,0.0,0.4,0.6,0.0,에너지배율=0.0 / RS=0.4 / 주가위치=0.6 / talent=0.0,0.026688120412979348,0.23455067202254928,163,전구간 meanIC 상위5(과최적 판단용)
60,long,is_top5,5,0,0.0,0.8,0.2,0.0,에너지배율=0.0 / RS=0.8 / 주가위치=0.2 / talent=0.0,0.026524779591297423,0.21986016084460325,163,전구간 meanIC 상위5(과최적 판단용)
60,long,wf_step,1,1,0.0,0.0,1.0,0.0,에너지배율=0.0 / RS=0.0 / 주가위치=1.0 / talent=0.0,0.011832887075739975,0.10230661020272042,33,train=2023-01-17~2023-09-08; test=2023-09-15~2024-05-17; train meanIC 최대
60,long,wf_step,2,2,0.0,0.0,1.0,0.0,에너지배율=0.0 / RS=0.0 / 주가위치=1.0 / talent=0.0,-0.006476580937917239,-0.09382827937883119,33,train=2023-01-17~2024-05-17; test=2024-05-24~2025-01-20; train meanIC 최대
60,long,wf_step,3,3,0.0,1.0,0.0,0.0,에너지배율=0.0 / RS=1.0 / 주가위치=0.0 / talent=0.0,0.0494658153035665,0.4299859431397264,32,train=2023-01-17~2025-01-20; test=2025-01-31~2025-09-16; train meanIC 최대
60,long,wf_step,4,4,0.0,1.0,0.0,0.0,에너지배율=0.0 / RS=1.0 / 주가위치=0.0 / talent=0.0,0.06164162175727353,0.38770844325242565,32,train=2023-01-17~2025-09-16; test=2025-09-23~2026-05-18; train meanIC 최대
