h,kind,type,rank,wf_step,weights,meanIC,IC_IR,n_obs,note,w_tv5,w_RS,w_주가위치,w_talent
1,h1,best,1,0,tv5=0.0 / RS=1.0 / 주가위치=0.0 / talent=0.0,0.0058745426477754496,0.038131486376782396,175,"전구간 meanIC 최대 추천; WF test meanIC=-0.0007±0.0327; 선정 가중 안정성 tv5=0.03±0.05, RS=0.97±0.05, 주가위치=0.00±0.00, talent=0.00±0.00; WEIGHT_SETS 미변경",0.0,1.0,0.0,0.0
1,h1,baseline,0,0,tv5=0.2 / RS=0.2 / 주가위치=0.4 / talent=0.2,-0.012014552114369524,-0.08509989470167817,175,현재 WEIGHT_SETS['short'],0.2,0.2,0.4,0.2
1,h1,single_factor,1,0,tv5=1.0 / RS=0.0 / 주가위치=0.0 / talent=0.0,-0.01502149627435568,-0.11800873857501598,175,h=1 단일가중 점검: tv5=1.0,1.0,0.0,0.0,0.0
1,h1,single_factor,2,0,tv5=0.0 / RS=1.0 / 주가위치=0.0 / talent=0.0,0.0058745426477754496,0.038131486376782396,175,h=1 단일가중 점검: RS=1.0,0.0,1.0,0.0,0.0
1,h1,single_factor,3,0,tv5=0.0 / RS=0.0 / 주가위치=1.0 / talent=0.0,-0.00155595343013168,-0.011314451284619222,175,h=1 단일가중 점검: 주가위치=1.0,0.0,0.0,1.0,0.0
1,h1,single_factor,4,0,tv5=0.0 / RS=0.0 / 주가위치=0.0 / talent=1.0,-0.0345747849734762,-0.22343986119254206,175,h=1 단일가중 점검: talent=1.0,0.0,0.0,0.0,1.0
1,h1,is_top5,1,0,tv5=0.0 / RS=1.0 / 주가위치=0.0 / talent=0.0,0.0058745426477754496,0.038131486376782396,175,전구간 meanIC 상위5(과최적 판단용),0.0,1.0,0.0,0.0
1,h1,is_top5,2,0,tv5=0.0 / RS=0.9 / 주가위치=0.1 / talent=0.0,0.005258882207879118,0.034138293850123964,175,전구간 meanIC 상위5(과최적 판단용),0.0,0.9,0.1,0.0
1,h1,is_top5,3,0,tv5=0.0 / RS=0.8 / 주가위치=0.2 / talent=0.0,0.004582961368776448,0.029826716751783118,175,전구간 meanIC 상위5(과최적 판단용),0.0,0.8,0.2,0.0
1,h1,is_top5,4,0,tv5=0.1 / RS=0.9 / 주가위치=0.0 / talent=0.0,0.004223138005902385,0.027658043161825394,175,전구간 meanIC 상위5(과최적 판단용),0.1,0.9,0.0,0.0
1,h1,is_top5,5,0,tv5=0.0 / RS=0.7 / 주가위치=0.3 / talent=0.0,0.0038446993862339715,0.025165691298578305,175,전구간 meanIC 상위5(과최적 판단용),0.0,0.7,0.3,0.0
1,h1,wf_step,1,1,tv5=0.1 / RS=0.9 / 주가위치=0.0 / talent=0.0,-0.02709192849821805,-0.21357213261706323,35,train=2023-01-17~2023-09-22; test=2023-10-05~2024-06-17; train meanIC 최대,0.1,0.9,0.0,0.0
1,h1,wf_step,2,2,tv5=0.0 / RS=1.0 / 주가위치=0.0 / talent=0.0,0.01752179111948772,0.09393165763394293,35,train=2023-01-17~2024-06-17; test=2024-06-24~2025-03-10; train meanIC 최대,0.0,1.0,0.0,0.0
1,h1,wf_step,3,3,tv5=0.0 / RS=1.0 / 주가위치=0.0 / talent=0.0,0.036100112100563776,0.20945945840647368,35,train=2023-01-17~2025-03-10; test=2025-03-17~2025-11-25; train meanIC 최대,0.0,1.0,0.0,0.0
1,h1,wf_step,4,4,tv5=0.0 / RS=1.0 / 주가위치=0.0 / talent=0.0,-0.02938891850785373,-0.1827609898237825,35,train=2023-01-17~2025-11-25; test=2025-12-02~2026-08-13; train meanIC 최대,0.0,1.0,0.0,0.0
1,h1,single_factor_diag,0,0,tv5_turn=1.0 (격자 밖),-0.02790104634060776,-0.18246946358188065,175,h=1 진단 단일신호: tv5_turn (시총 정규화 회전율),0.0,0.0,0.0,0.0
5,h5,best,1,0,tv5=0.0 / RS=0.0 / 주가위치=1.0 / talent=0.0,-0.011843213812800303,-0.08721285978807733,174,"전구간 meanIC 최대 추천; WF test meanIC=-0.0163±0.0185; 선정 가중 안정성 tv5=0.00±0.00, RS=0.00±0.00, 주가위치=1.00±0.00, talent=0.00±0.00; WEIGHT_SETS 미변경",0.0,0.0,1.0,0.0
5,h5,baseline,0,0,tv5=0.2 / RS=0.2 / 주가위치=0.4 / talent=0.2,-0.028806024524831653,-0.2019348229779906,174,현재 WEIGHT_SETS['short'],0.2,0.2,0.4,0.2
5,h5,single_factor,1,0,tv5=1.0 / RS=0.0 / 주가위치=0.0 / talent=0.0,-0.020845100592479796,-0.15623518183631863,174,h=5 단일가중 점검: tv5=1.0,1.0,0.0,0.0,0.0
5,h5,single_factor,2,0,tv5=0.0 / RS=1.0 / 주가위치=0.0 / talent=0.0,-0.01479521264649582,-0.1022660574692243,174,h=5 단일가중 점검: RS=1.0,0.0,1.0,0.0,0.0
5,h5,single_factor,3,0,tv5=0.0 / RS=0.0 / 주가위치=1.0 / talent=0.0,-0.011843213812800303,-0.08721285978807733,174,h=5 단일가중 점검: 주가위치=1.0,0.0,0.0,1.0,0.0
5,h5,single_factor,4,0,tv5=0.0 / RS=0.0 / 주가위치=0.0 / talent=1.0,-0.05473736523307468,-0.32656289295376145,174,h=5 단일가중 점검: talent=1.0,0.0,0.0,0.0,1.0
5,h5,is_top5,1,0,tv5=0.0 / RS=0.0 / 주가위치=1.0 / talent=0.0,-0.011843213812800303,-0.08721285978807733,174,전구간 meanIC 상위5(과최적 판단용),0.0,0.0,1.0,0.0
5,h5,is_top5,2,0,tv5=0.0 / RS=0.1 / 주가위치=0.9 / talent=0.0,-0.012331767670160934,-0.08932978370601921,174,전구간 meanIC 상위5(과최적 판단용),0.0,0.1,0.9,0.0
5,h5,is_top5,3,0,tv5=0.0 / RS=0.2 / 주가위치=0.8 / talent=0.0,-0.012770463269022514,-0.09119841021958383,174,전구간 meanIC 상위5(과최적 판단용),0.0,0.2,0.8,0.0
5,h5,is_top5,4,0,tv5=0.0 / RS=0.3 / 주가위치=0.7 / talent=0.0,-0.013260955566328857,-0.09345736496274044,174,전구간 meanIC 상위5(과최적 판단용),0.0,0.3,0.7,0.0
5,h5,is_top5,5,0,tv5=0.0 / RS=0.4 / 주가위치=0.6 / talent=0.0,-0.013768433688773557,-0.09603716527807696,174,전구간 meanIC 상위5(과최적 판단용),0.0,0.4,0.6,0.0
5,h5,wf_step,1,1,tv5=0.0 / RS=0.0 / 주가위치=1.0 / talent=0.0,-0.019319289449288516,-0.15968772395852765,35,train=2023-01-17~2023-09-22; test=2023-10-05~2024-06-17; train meanIC 최대,0.0,0.0,1.0,0.0
5,h5,wf_step,2,2,tv5=0.0 / RS=0.0 / 주가위치=1.0 / talent=0.0,-0.011966115906746727,-0.07411375728326126,35,train=2023-01-17~2024-06-17; test=2024-06-24~2025-03-10; train meanIC 최대,0.0,0.0,1.0,0.0
5,h5,wf_step,3,3,tv5=0.0 / RS=0.0 / 주가위치=1.0 / talent=0.0,0.005306040688475669,0.036213037361979374,35,train=2023-01-17~2025-03-10; test=2025-03-17~2025-11-25; train meanIC 최대,0.0,0.0,1.0,0.0
5,h5,wf_step,4,4,tv5=0.0 / RS=0.0 / 주가위치=1.0 / talent=0.0,-0.039316769915656954,-0.2879004255947479,34,train=2023-01-17~2025-11-25; test=2025-12-02~2026-08-06; train meanIC 최대,0.0,0.0,1.0,0.0
5,h5,single_factor_diag,0,0,tv5_turn=1.0 (격자 밖),-0.04690763531120247,-0.2878995218316958,174,h=5 진단 단일신호: tv5_turn (시총 정규화 회전율),0.0,0.0,0.0,0.0
20,h20,best,1,0,tv5=0.0 / RS=0.0 / 주가위치=1.0 / talent=0.0,-0.0033917508469368165,-0.026280572595850336,171,"전구간 meanIC 최대 추천; WF test meanIC=-0.0098±0.0294; 선정 가중 안정성 tv5=0.00±0.00, RS=0.00±0.00, 주가위치=1.00±0.00, talent=0.00±0.00; WEIGHT_SETS 미변경",0.0,0.0,1.0,0.0
20,h20,single_factor,1,0,tv5=1.0 / RS=0.0 / 주가위치=0.0 / talent=0.0,-0.023488508956122662,-0.16905491083678828,171,h=20 단일가중 점검: tv5=1.0,1.0,0.0,0.0,0.0
20,h20,single_factor,2,0,tv5=0.0 / RS=1.0 / 주가위치=0.0 / talent=0.0,-0.007755105865245531,-0.056302399371839354,171,h=20 단일가중 점검: RS=1.0,0.0,1.0,0.0,0.0
20,h20,single_factor,3,0,tv5=0.0 / RS=0.0 / 주가위치=1.0 / talent=0.0,-0.0033917508469368165,-0.026280572595850336,171,h=20 단일가중 점검: 주가위치=1.0,0.0,0.0,1.0,0.0
20,h20,single_factor,4,0,tv5=0.0 / RS=0.0 / 주가위치=0.0 / talent=1.0,-0.08912363533725554,-0.5963841655956151,171,h=20 단일가중 점검: talent=1.0,0.0,0.0,0.0,1.0
20,h20,is_top5,1,0,tv5=0.0 / RS=0.0 / 주가위치=1.0 / talent=0.0,-0.0033917508469368165,-0.026280572595850336,171,전구간 meanIC 상위5(과최적 판단용),0.0,0.0,1.0,0.0
20,h20,is_top5,2,0,tv5=0.0 / RS=0.1 / 주가위치=0.9 / talent=0.0,-0.0037702901610371406,-0.028724931914054796,171,전구간 meanIC 상위5(과최적 판단용),0.0,0.1,0.9,0.0
20,h20,is_top5,3,0,tv5=0.0 / RS=0.2 / 주가위치=0.8 / talent=0.0,-0.004232455477707263,-0.03179628350303033,171,전구간 meanIC 상위5(과최적 판단용),0.0,0.2,0.8,0.0
20,h20,is_top5,4,0,tv5=0.0 / RS=0.3 / 주가위치=0.7 / talent=0.0,-0.0046301536147382374,-0.0343337277788893,171,전구간 meanIC 상위5(과최적 판단용),0.0,0.3,0.7,0.0
20,h20,is_top5,5,0,tv5=0.0 / RS=0.4 / 주가위치=0.6 / talent=0.0,-0.005135941592683808,-0.037697647118618054,171,전구간 meanIC 상위5(과최적 판단용),0.0,0.4,0.6,0.0
20,h20,wf_step,1,1,tv5=0.0 / RS=0.0 / 주가위치=1.0 / talent=0.0,-0.02972746624377033,-0.2540946783897951,34,train=2023-01-17~2023-09-22; test=2023-10-05~2024-06-10; train meanIC 최대,0.0,0.0,1.0,0.0
20,h20,wf_step,2,2,tv5=0.0 / RS=0.0 / 주가위치=1.0 / talent=0.0,-0.028491036465258836,-0.27250488649169924,34,train=2023-01-17~2024-06-10; test=2024-06-17~2025-02-21; train meanIC 최대,0.0,0.0,1.0,0.0
20,h20,wf_step,3,3,tv5=0.0 / RS=0.0 / 주가위치=1.0 / talent=0.0,0.03303004824005152,0.2354821844893197,34,train=2023-01-17~2025-02-21; test=2025-02-28~2025-11-04; train meanIC 최대,0.0,0.0,1.0,0.0
20,h20,wf_step,4,4,tv5=0.0 / RS=0.0 / 주가위치=1.0 / talent=0.0,-0.014159525387575877,-0.09988303546320224,34,train=2023-01-17~2025-11-04; test=2025-11-11~2026-07-15; train meanIC 최대,0.0,0.0,1.0,0.0
20,h20,single_factor_diag,0,0,tv5_turn=1.0 (격자 밖),-0.06329837184593028,-0.3979681965052871,171,h=20 진단 단일신호: tv5_turn (시총 정규화 회전율),0.0,0.0,0.0,0.0
50,h50,best,1,0,tv5=0.0 / RS=0.4 / 주가위치=0.6 / talent=0.0,0.018020618498031167,0.1474900423874702,165,"전구간 meanIC 최대 추천; WF test meanIC=0.0183±0.0307; 선정 가중 안정성 tv5=0.00±0.00, RS=0.42±0.51, 주가위치=0.57±0.51, talent=0.00±0.00; WEIGHT_SETS 미변경",0.0,0.4,0.6,0.0
50,h50,baseline,0,0,tv5=0.1 / RS=0.5 / 주가위치=0.3 / talent=0.1,0.0040492868178497446,0.031031221106127684,165,현재 WEIGHT_SETS['long'],0.1,0.5,0.3,0.1
50,h50,single_factor,1,0,tv5=1.0 / RS=0.0 / 주가위치=0.0 / talent=0.0,-0.013170364846826245,-0.1015007492785876,165,h=50 단일가중 점검: tv5=1.0,1.0,0.0,0.0,0.0
50,h50,single_factor,2,0,tv5=0.0 / RS=1.0 / 주가위치=0.0 / talent=0.0,0.016177053641124896,0.1251666099475598,165,h=50 단일가중 점검: RS=1.0,0.0,1.0,0.0,0.0
50,h50,single_factor,3,0,tv5=0.0 / RS=0.0 / 주가위치=1.0 / talent=0.0,0.017252993102843336,0.15191927410667322,165,h=50 단일가중 점검: 주가위치=1.0,0.0,0.0,1.0,0.0
50,h50,single_factor,4,0,tv5=0.0 / RS=0.0 / 주가위치=0.0 / talent=1.0,-0.1074973317391011,-0.7638196873680333,165,h=50 단일가중 점검: talent=1.0,0.0,0.0,0.0,1.0
50,h50,is_top5,1,0,tv5=0.0 / RS=0.4 / 주가위치=0.6 / talent=0.0,0.018020618498031167,0.1474900423874702,165,전구간 meanIC 상위5(과최적 판단용),0.0,0.4,0.6,0.0
50,h50,is_top5,2,0,tv5=0.0 / RS=0.5 / 주가위치=0.5 / talent=0.0,0.01801209842696023,0.14519013326809327,165,전구간 meanIC 상위5(과최적 판단용),0.0,0.5,0.5,0.0
50,h50,is_top5,3,0,tv5=0.0 / RS=0.3 / 주가위치=0.7 / talent=0.0,0.017898175025642147,0.14888421635135943,165,전구간 meanIC 상위5(과최적 판단용),0.0,0.3,0.7,0.0
50,h50,is_top5,4,0,tv5=0.0 / RS=0.2 / 주가위치=0.8 / talent=0.0,0.017775280795597554,0.15053963689084585,165,전구간 meanIC 상위5(과최적 판단용),0.0,0.2,0.8,0.0
50,h50,is_top5,5,0,tv5=0.0 / RS=0.6 / 주가위치=0.4 / talent=0.0,0.01775639234006233,0.14140312550961745,165,전구간 meanIC 상위5(과최적 판단용),0.0,0.6,0.4,0.0
50,h50,wf_step,1,1,tv5=0.0 / RS=0.0 / 주가위치=1.0 / talent=0.0,0.0005201343106146228,0.003904515099974523,33,train=2023-01-17~2023-09-08; test=2023-09-15~2024-05-17; train meanIC 최대,0.0,0.0,1.0,0.0
50,h50,wf_step,2,2,tv5=0.0 / RS=0.0 / 주가위치=1.0 / talent=0.0,-0.01525372523302075,-0.21677780381142084,33,train=2023-01-17~2024-05-17; test=2024-05-24~2025-01-20; train meanIC 최대,0.0,0.0,1.0,0.0
50,h50,wf_step,3,3,tv5=0.0 / RS=1.0 / 주가위치=0.0 / talent=0.0,0.04955623124526814,0.4139875646170463,33,train=2023-01-17~2025-01-20; test=2025-01-31~2025-09-23; train meanIC 최대,0.0,1.0,0.0,0.0
50,h50,wf_step,4,4,tv5=0.0 / RS=0.7 / 주가위치=0.3 / talent=0.0,0.0383687793039093,0.23154050938930784,33,train=2023-01-17~2025-09-23; test=2025-09-30~2026-06-02; train meanIC 최대,0.0,0.7,0.3,0.0
50,h50,single_factor_diag,0,0,tv5_turn=1.0 (격자 밖),-0.0666696488409555,-0.4322225185008218,165,h=50 진단 단일신호: tv5_turn (시총 정규화 회전율),0.0,0.0,0.0,0.0
