h,factor,decile,mean_fwd_ret,excess_ret,n,median_mcap,median_talent,median_energy
1,에너지배율,1,0.0030908352038576696,0.0013533335291887603,20.0,10348332775041.12,0.011119047619047619,0.30685796973919605
1,에너지배율,2,0.002526126577049844,0.0007886249023809349,20.0,7508571003637.562,0.01211904761904762,0.5348752472941876
1,에너지배율,3,0.002976506578782371,0.0012390049041134613,20.0,5404183685826.919,0.015285714285714284,0.8235764468739019
1,에너지배율,4,0.0024956006573412493,0.0007580989826723399,20.0,4233063616662.884,0.018166666666666668,1.2476150159547164
1,에너지배율,5,0.0015927700910486108,-0.00014473158362029878,20.0,3078847548216.4834,0.020547619047619047,1.9095822523174466
1,에너지배율,6,0.001996465562101159,0.00025896388743224956,20.0,2292466525503.805,0.02338095238095238,2.964319394603196
1,에너지배율,7,0.002835311094943389,0.0010978094202744797,20.0,1804085765481.731,0.02585714285714286,4.788304356749124
1,에너지배율,8,0.0009337676174728896,-0.0008037340571960196,20.0,1244194776541.1863,0.028523809523809528,8.224153048741469
1,에너지배율,9,0.0003161099364858406,-0.0014213917381830686,20.0,648873891641.814,0.03197619047619048,16.651340440419144
1,에너지배율,10,-0.0013884765723939257,-0.0031259782470628356,20.0,225777916711.0987,0.03476190476190476,46.856733132679196
1,RS,1,0.0008989954698408249,-0.0008385062048280844,20.0,4392199121419.7017,0.010904761904761905,0.9242660481641917
1,RS,2,0.0019417146721997063,0.00020421299753079706,20.0,3035003936971.9116,0.013,1.6599359597148755
1,RS,3,0.0003888526803686562,-0.001348648994300253,20.0,2468882784508.554,0.015380952380952382,2.071403938345777
1,RS,4,0.0017436266736366582,6.124998967748919e-06,20.0,2528803340280.697,0.019095238095238096,1.8308474914827535
1,RS,5,0.0014710101588276624,-0.0002664915158412468,20.0,2288202221181.404,0.020333333333333335,1.9949228147157156
1,RS,6,3.9926015499844284e-05,-0.001697575659169065,20.0,2186241875909.352,0.021119047619047617,2.224797288809998
1,RS,7,0.0008901688281985918,-0.0008473328464703177,20.0,2259490470159.637,0.024047619047619047,2.501945568074879
1,RS,8,0.0008130537219944521,-0.0009244479526744576,20.0,1844805971277.3008,0.029142857142857147,3.230690900373587
1,RS,9,0.004408229072869353,0.0026707273982004443,20.0,1764109405727.3228,0.033523809523809525,4.406710585297768
1,RS,10,0.004779439453253345,0.0030419377785844367,20.0,1467689284958.217,0.05088095238095238,8.274784104581226
1,주가위치,1,0.00013639580565219872,-0.0016011058690167104,20.0,4415369685433.927,0.011833333333333333,0.8467643749502827
1,주가위치,2,0.0030618856503468236,0.001324383975677914,20.0,3403446854577.3413,0.018404761904761903,1.187315928813422
1,주가위치,3,0.001810976966590488,7.347529192157858e-05,20.0,2568870155587.8633,0.02242857142857143,1.8558394991874823
1,주가위치,4,0.0003294194717652747,-0.0014080822029036348,20.0,2371475162369.6455,0.022952380952380953,2.0601507206810887
1,주가위치,5,-0.0022435392956886295,-0.003981040970357539,20.0,1347282080968.4507,0.024047619047619047,5.56807971663005
1,주가위치,6,0.002259294567464499,0.0005217928927955895,20.0,865307116854.0729,0.02707142857142857,3.7232940047006053
1,주가위치,7,0.0010157007497707527,-0.0007218009248981568,20.0,2104305908527.6826,0.02733333333333333,3.221295443808604
1,주가위치,8,0.0013960306598329087,-0.0003414710148360007,20.0,2144596222475.4878,0.025547619047619048,3.8817805243061585
1,주가위치,9,0.002364364599358913,0.0006268629246900037,20.0,2620700148635.8623,0.024714285714285716,3.7674946732459174
1,주가위치,10,0.007244487571595869,0.005506985896926959,20.0,2988577471294.597,0.024690476190476193,3.6831237841052604
1,talent,1,-0.0007319910499109479,-0.0024694927245798573,20.0,3885980871864.338,0.005214285714285714,2.186638346381422
1,talent,2,0.0015574309072087986,-0.00018007076746011098,20.0,15053609042789.424,0.003380952380952381,0.9436906717150029
1,talent,3,0.0017686659110805003,3.116423641159107e-05,20.0,7018948054037.155,0.006285714285714286,1.1281454915149272
1,talent,4,0.00016841426361628495,-0.001569087411052624,20.0,4500889254021.818,0.015404761904761904,2.2509753610993988
1,talent,5,0.0035601282826315988,0.0018226266079626892,20.0,4044137658800.337,0.020880952380952382,2.8236139293457816
1,talent,6,0.0016600020024736633,-7.749967219524583e-05,20.0,2528719516653.208,0.02726190476190476,3.4448619624199774
1,talent,7,0.002441540540686286,0.0007040388660173767,20.0,1998950809419.2517,0.03223809523809524,3.4086744245912977
1,talent,8,0.0022596717711258077,0.0005221700964568984,20.0,1690911695479.1938,0.040690476190476194,4.346587828147739
1,talent,9,0.003244220873370281,0.001506719198701372,20.0,1149819447642.82,0.056380952380952386,5.4118885987391465
1,talent,10,0.0014469332444068212,-0.0002905684302620881,20.0,866808246238.7423,0.08354761904761905,7.328244931103648
5,에너지배율,1,0.003507355174911874,0.0031607658173466416,20.0,10331544247125.316,0.011039272030651342,0.30638229178401033
5,에너지배율,2,0.003732436635731679,0.0033858472781664465,20.0,7466392017915.762,0.011973180076628353,0.5341337173828216
5,에너지배율,3,0.006621999632105345,0.006275410274540112,20.0,5409049174453.3955,0.015086206896551725,0.8230763649293108
5,에너지배율,4,0.005865001962343941,0.005518412604778709,20.0,4214445132447.556,0.01788793103448276,1.2482536964442492
5,에너지배율,5,0.0016213606740924063,0.001274771316527174,20.0,3072091636043.4854,0.02025862068965517,1.910098223606713
5,에너지배율,6,0.0040236931884549895,0.003677103830889757,20.0,2274434536627.094,0.023299808429118777,2.9676617566742594
5,에너지배율,7,0.0008713862542027569,0.0005247968966375248,20.0,1791498403482.118,0.025574712643678162,4.792656907162316
5,에너지배율,8,-0.002194303394793633,-0.002540892752358865,20.0,1234133063858.8032,0.028184865900383143,8.239024699746277
5,에너지배율,9,-0.005974485351383904,-0.006321074708949135,20.0,644919668271.5686,0.031609195402298854,16.66494044494571
5,에너지배율,10,-0.014608551200013132,-0.014955140557578364,20.0,226100616692.64532,0.03455459770114943,46.86887763819086
5,RS,1,0.000452804400257732,0.0001062150426925001,20.0,4381309319153.6133,0.010775862068965518,0.9242132045875963
5,RS,2,-0.0038857456904199893,-0.004232335047985222,20.0,3005939493089.797,0.012787356321839081,1.6641218099155446
5,RS,3,-0.0016862945689094689,-0.002032883926474701,20.0,2459368794015.2764,0.015181992337164751,2.078217285300962
5,RS,4,0.0022047084583764454,0.0018581191008112134,20.0,2519487103703.235,0.018797892720306516,1.8284302410329016
5,RS,5,-0.0005884035044675773,-0.0009349928620328099,20.0,2286253069704.506,0.020043103448275864,1.9928745144968254
5,RS,6,-0.0005900238452016325,-0.0009366132027668647,20.0,2178414805872.1465,0.021024904214559388,2.2285462829048845
5,RS,7,0.002035258811157969,0.0016886694535927374,20.0,2243345221098.0674,0.023802681992337163,2.502255333087259
5,RS,8,2.4464981263304273e-05,-0.0003221243763019281,20.0,1825422289700.3813,0.02887931034482759,3.2417294761759234
5,RS,9,0.0022302186841633245,0.0018836293265980925,20.0,1765379673674.0823,0.0331896551724138,4.392636060250485
5,RS,10,0.0032689058494322163,0.0029223164918669845,20.0,1470100960943.3008,0.050670498084291186,8.24024298074091
5,주가위치,1,0.0021510375983226178,0.0018044482407573853,20.0,4415487810651.644,0.011661877394636016,0.8457769369933373
5,주가위치,2,0.0056715122840334375,0.005324922926468205,20.0,3401693439016.9844,0.018127394636015325,1.187636388093942
5,주가위치,3,-0.00114800438590731,-0.0014945937434725418,20.0,2559469642717.921,0.02217432950191571,1.8532231690035152
5,주가위치,4,-0.0023739405859047593,-0.0027205299434699915,20.0,2336666658302.0576,0.022701149425287358,2.0666730036169647
5,주가위치,5,-0.009827272354426583,-0.010173861711991816,20.0,1346722409315.7366,0.023706896551724137,5.576586474499146
5,주가위치,6,0.0003218345713636607,-2.475478620157175e-05,20.0,857361981188.8197,0.02681992337164751,3.729374957934657
5,주가위치,7,-0.0005808061115554496,-0.000927395469120682,20.0,2075853954744.0046,0.02710727969348659,3.231082279901967
5,주가위치,8,-0.0006280050392647969,-0.0009745943968300292,20.0,2130802973307.0562,0.025287356321839084,3.894709797907876
5,주가위치,9,0.003439701594596242,0.0030931122370310097,20.0,2617541838915.432,0.024592911877394638,3.7726940705999215
5,주가위치,10,0.006439836004395264,0.0060932466468300315,20.0,2994688122564.1577,0.024616858237547893,3.668360874097716
5,talent,1,-0.006753310205610781,-0.0070998995631760126,20.0,3872498676525.7163,0.005244252873563218,2.194767765530177
5,talent,2,0.003240011166966452,0.00289342180940122,20.0,15072001882681.193,0.003352490421455939,0.9439021762207824
5,talent,3,0.0007306882110550789,0.00038409885348984676,20.0,7047271064577.996,0.006058429118773946,1.127476916124823
5,talent,4,0.00055909105089229,0.00021250169332705747,20.0,4506501524239.844,0.015349616858237549,2.2548225663471424
5,talent,5,0.0037674044023594476,0.0034208150447942146,20.0,4046417431970.293,0.020689655172413793,2.833065612945376
5,talent,6,0.0026798450705718528,0.0023332557130066205,20.0,2516673426911.422,0.02693965517241379,3.4551027765653433
5,talent,7,-0.0004060745682401655,-0.0007526639258053975,20.0,1998348029834.0898,0.03189655172413793,3.4197925665762012
5,talent,8,0.002572794864150244,0.0022262055065850116,20.0,1678035877774.9487,0.04030172413793104,4.358005377604544
5,talent,9,-0.0014113805917676354,-0.0017579699493328674,20.0,1139521154666.6255,0.056130268199233724,5.4228637680406875
5,talent,10,-0.0015131758247244637,-0.001859765182289696,20.0,864699031016.8833,0.08318965517241379,7.303143387649018
20,에너지배율,1,0.006373921869163079,0.003351703742189625,20.0,10386849431236.87,0.010087719298245614,0.3078861206089676
20,에너지배율,2,0.012285750274149248,0.009263532147175792,20.0,7479154391889.949,0.01135477582846004,0.5362820296534847
20,에너지배율,3,0.01653863912322842,0.01351642099625497,20.0,5370706227626.085,0.014522417153996102,0.8275320575663402
20,에너지배율,4,0.011609098053925218,0.008586879926951766,20.0,4181771778595.2896,0.017373294346978558,1.2569048969706442
20,에너지배율,5,0.006073143019655627,0.003050924892682173,20.0,3065452357232.265,0.019809941520467837,1.9251645374081283
20,에너지배율,6,0.010229490407772768,0.007207272280799314,20.0,2244942391194.9165,0.022685185185185187,2.995240191480165
20,에너지배율,7,0.003666051595264617,0.0006438334682911635,20.0,1741036882486.1418,0.024951267056530214,4.845010653987109
20,에너지배율,8,-0.0008560059278817047,-0.0038782240548551586,20.0,1196418679184.2808,0.027607212475633528,8.331651584129155
20,에너지배율,9,-0.010202690133942437,-0.013224908260915892,20.0,638593330119.7615,0.031164717348927874,16.825836421196442
20,에너지배율,10,-0.025495217011600298,-0.028517435138573754,20.0,225815442023.39023,0.0341374269005848,47.1063262138965
20,RS,1,0.0012705365973036712,-0.0017516815296697835,20.0,4389948422005.4688,0.010282651072124756,0.9253889307836175
20,RS,2,-0.01539653182348602,-0.018418749950459473,20.0,2972688336985.8394,0.012305068226120857,1.6801050387063985
20,RS,3,-0.012227601311425097,-0.01524981943839855,20.0,2428814982161.9775,0.014814814814814814,2.1003582869140285
20,RS,4,0.004164237987297748,0.0011420198603242953,20.0,2477500530795.143,0.01817738791423002,1.8443639634051199
20,RS,5,0.00523597636664523,0.002213758239671775,20.0,2273800477060.1357,0.019200779727095517,1.9990765738059368
20,RS,6,0.003140034901897998,0.00011781677492454409,20.0,2185604551388.8567,0.020321637426900584,2.2454376585825595
20,RS,7,0.010285566540296597,0.007263348413323142,20.0,2184546691431.2212,0.02324561403508772,2.526459109713159
20,RS,8,0.008340980127004788,0.0053187620000313355,20.0,1804050360465.7383,0.02797270955165692,3.2665384443226495
20,RS,9,0.006610454269726272,0.0035882361427528185,20.0,1744125381159.4844,0.03279727095516569,4.443333377459238
20,RS,10,0.018798527614473357,0.015776309487499904,20.0,1458893170496.326,0.05043859649122807,8.32372782524535
20,주가위치,1,0.004859459486117367,0.0018372413591439133,20.0,4427475978022.286,0.010769980506822614,0.8434673369776174
20,주가위치,2,0.005901951326532416,0.0028797331995589624,20.0,3371928497428.1733,0.017592592592592594,1.1934580060138045
20,주가위치,3,-0.00465712650269879,-0.007679344629672244,20.0,2539070554869.182,0.021539961013645227,1.86906233416436
20,주가위치,4,-0.003089037426490549,-0.006111255553464002,20.0,2299564789721.8174,0.022344054580896687,2.087333972532547
20,주가위치,5,-0.02130934718837026,-0.024331565315343712,20.0,1298687362335.019,0.02324561403508772,5.651471129983484
20,주가위치,6,-0.0007713841710929686,-0.003793602298066422,20.0,837462609519.6619,0.02648635477582846,3.770218250012193
20,주가위치,7,0.006448668786001863,0.0034264506590284097,20.0,2060062178652.916,0.026242690058479533,3.2586991506592806
20,주가위치,8,0.005668776725760718,0.002646558598787265,20.0,2110102144949.0557,0.024610136452241714,3.9318890976712884
20,주가위치,9,0.014141189568470837,0.011118971441497384,20.0,2619890964052.2173,0.023927875243664718,3.8013743725616944
20,주가위치,10,0.0230290306655039,0.020006812538530448,20.0,2995609595923.924,0.02443957115009747,3.7103277504078127
20,talent,1,-0.006357493192654059,-0.009379711319627513,20.0,3715312227677.6484,0.00533625730994152,2.223828590768489
20,talent,2,0.01492012836615328,0.011897910239179828,20.0,15221052793974.281,0.003167641325536062,0.9492074182361719
20,talent,3,0.010155673346308836,0.0071334552193353835,20.0,7035097604971.433,0.005628654970760234,1.1317178450743992
20,talent,4,0.0024053403145762537,-0.0006168778123972003,20.0,4511704225494.187,0.014887914230019493,2.2717886293304774
20,talent,5,0.0062196864959428435,0.00319746836896939,20.0,4063883733788.3887,0.020321637426900584,2.8577376198875744
20,talent,6,0.0092358992236768,0.006213681096703345,20.0,2506201383492.5874,0.026437621832358673,3.4976213239436524
20,talent,7,0.008132953321306594,0.0051107351943331415,20.0,1986218445607.1787,0.031140350877192982,3.4591402567086655
20,talent,8,0.007574372434214353,0.0045521543072408995,20.0,1642519552677.6282,0.039546783625731,4.412145933388114
20,talent,9,-0.009695502757969383,-0.012717720884942838,20.0,1100567627677.8508,0.05526315789473684,5.488732141180116
20,talent,10,-0.01236887628182098,-0.015391094408794437,20.0,856364600036.9543,0.08228557504873293,7.378016988627807
50,에너지배율,1,0.027861150308253098,0.0034578198125013704,20.0,10356139857735.719,0.008661616161616162,0.3118971017833158
50,에너지배율,2,0.03899557882507961,0.01459224832932789,20.0,7439283972139.326,0.010176767676767676,0.5436127647849837
50,에너지배율,3,0.04276176080272441,0.01835843030697268,20.0,5260550099644.224,0.01345959595959596,0.8402601447608236
50,에너지배율,4,0.038888915236602976,0.01448558474085125,20.0,4153944410752.867,0.01595959595959596,1.2805777447626767
50,에너지배율,5,0.038133606318973015,0.013730275823221283,20.0,2943002349149.1934,0.018585858585858588,1.9661070022958373
50,에너지배율,6,0.03123691226325896,0.006833581767507227,20.0,2120130168829.329,0.02176767676767677,3.0650041024815056
50,에너지배율,7,0.022400243002529324,-0.002003087493222405,20.0,1595350579687.1826,0.024015151515151514,4.966228246376869
50,에너지배율,8,0.012774281733174783,-0.011629048762576944,20.0,1081649384102.287,0.026111111111111113,8.55000842180142
50,에너지배율,9,-0.00921794216700115,-0.03362127266275288,20.0,577402156317.4211,0.029823232323232324,17.26397901101359
50,에너지배율,10,0.00019879863392223863,-0.02420453186182949,20.0,222315278901.20416,0.03305555555555555,47.83689171604005
50,RS,1,-0.0041260282837575525,-0.02852935877950928,20.0,4288268390441.1577,0.009823232323232324,0.9428741795385843
50,RS,2,-0.0106097174572538,-0.035013047953005534,20.0,2828379733162.58,0.011338383838383839,1.7214494868961927
50,RS,3,-0.004929552606514441,-0.029332883102266172,20.0,2339204997729.448,0.013661616161616163,2.1513620178740065
50,RS,4,0.022243141188811703,-0.0021601893069400253,20.0,2385552015976.5386,0.016742424242424243,1.8846949781002904
50,RS,5,0.029198047750687583,0.004794717254935856,20.0,2227455883946.179,0.017954545454545456,2.029768725798796
50,RS,6,0.03641235260766027,0.01200902211190854,20.0,2151683222406.1465,0.01952020202020202,2.284708921723367
50,RS,7,0.04993993670293387,0.025536606207182146,20.0,2123286636411.4167,0.022146464646464647,2.57905083529821
50,RS,8,0.03799281437113908,0.013589483875387349,20.0,1752644933273.1113,0.02666666666666667,3.3262314142694582
50,RS,9,0.055341030677286775,0.03093770018153504,20.0,1664450133715.085,0.031237373737373737,4.544354860868179
50,RS,10,0.032571280006523796,0.008167949510772068,20.0,1395892384045.946,0.04871212121212121,8.53022285627356
50,주가위치,1,0.010022939078412948,-0.014380391417338781,20.0,4361891196906.376,0.010025252525252526,0.8576509175089443
50,주가위치,2,0.023292463240707852,-0.0011108672550438755,20.0,3253791131972.4854,0.016742424242424243,1.21764619996617
50,주가위치,3,0.024030624495721447,-0.00037270600003028344,20.0,2415884678860.11,0.02078282828282828,1.9131389494065012
50,주가위치,4,0.01776938281721829,-0.006633947678533438,20.0,2229270710923.197,0.021136363636363637,2.1358169757826437
50,주가위치,5,-0.004940375559688165,-0.029343706055439896,20.0,1202113392745.8994,0.02234848484848485,5.824417806433781
50,주가위치,6,0.00913623099083099,-0.015267099504920738,20.0,750061961644.0057,0.025126262626262625,3.863418177667544
50,주가위치,7,0.031008231956357754,0.006604901460606024,20.0,2018352218834.786,0.025025252525252523,3.321769385179881
50,주가위치,8,0.026224814783314076,0.0018214842875623489,20.0,2046807923835.9438,0.023282828282828284,4.032264673070127
50,주가위치,9,0.04852169207189344,0.024118361576141705,20.0,2546783734371.21,0.022373737373737376,3.874728352075369
50,주가위치,10,0.05896730108274865,0.034563970586996916,20.0,2984702077777.624,0.022424242424242426,3.7561391261768913
50,talent,1,0.00962536425410719,-0.014777966241644541,20.0,3459097687874.3145,0.00553030303030303,2.281567802380363
50,talent,2,0.03841559795492842,0.014012267459176685,20.0,15558065320465.564,0.002373737373737374,0.9625058882761762
50,talent,3,0.043062202399593304,0.018658871903841575,20.0,6903549357972.678,0.005,1.147529369863033
50,talent,4,0.01987709240471825,-0.004526238091033477,20.0,4458270197823.534,0.014090909090909091,2.3173751886838017
50,talent,5,0.029715603020183542,0.0053122725244318155,20.0,4037407492537.2393,0.019393939393939394,2.928636518515186
50,talent,6,0.026853060672817387,0.0024497301770656566,20.0,2428625877208.476,0.025353535353535354,3.593666326589774
50,talent,7,0.035719844795693595,0.011316514299941866,20.0,1833560694623.1,0.029823232323232324,3.559013463198323
50,talent,8,0.03697720026805913,0.0125738697723074,20.0,1586017702450.5317,0.0380050505050505,4.521960225488204
50,talent,9,0.010719991137569006,-0.01368333935818272,20.0,1006692145688.5831,0.05376262626262626,5.612417612322159
50,talent,10,-0.0069326519501525345,-0.03133598244590426,20.0,826335005298.5052,0.0807070707070707,7.5463022996305895
